{"cameraMode":{"drawMode":0,"name":"Shaded","section":"Shading Mode"},"sceneLighting":true,"audioPlay":false,"sceneViewState":{"m_AlwaysRefresh":false,"showFog":true,"showSkybox":true,"showFlares":true,"showImageEffects":true,"showParticleSystems":true,"showVisualEffectGraphs":true,"m_FxEnabled":true},"in2DMode":false,"pivot":{"x":496.17462158203127,"y":14.254499435424805,"z":381.53717041015627},"rotation":{"x":0.11374149471521378,"y":0.015322227962315083,"z":-0.0017785057425498963,"w":0.9934089183807373},"size":8.703817367553711,"orthographic":false}