{"cameraMode":{"drawMode":0,"name":"Shaded","section":"Shading Mode"},"sceneLighting":true,"audioPlay":false,"sceneViewState":{"m_AlwaysRefresh":false,"showFog":true,"showSkybox":true,"showFlares":true,"showImageEffects":true,"showParticleSystems":true,"showVisualEffectGraphs":true,"m_FxEnabled":true},"in2DMode":false,"pivot":{"x":508.3755187988281,"y":19.60499382019043,"z":374.9918518066406},"rotation":{"x":0.047771893441677096,"y":-0.09335798770189285,"z":0.004484151490032673,"w":0.9944812059402466},"size":0.8660253882408142,"orthographic":false}