{"cameraMode":{"drawMode":0,"name":"Shaded","section":"Shading Mode"},"sceneLighting":true,"audioPlay":false,"sceneViewState":{"m_AlwaysRefresh":false,"showFog":true,"showSkybox":true,"showFlares":true,"showImageEffects":true,"showParticleSystems":true,"showVisualEffectGraphs":true,"m_FxEnabled":true},"in2DMode":false,"pivot":{"x":525.4566650390625,"y":3.685018301010132,"z":384.60772705078127},"rotation":{"x":0.001016352791339159,"y":0.9437984228134155,"z":-0.33067408204078677,"w":0.0030136483255773784},"size":35.35113525390625,"orthographic":false}